customer_id,name,email,age,purchase_amount,signup_date,country,status
1,Customer 1,user1@example.com,23,131.99,2023-01-01,US,active
2,Customer 2,user2@example.com,65,92.84,2023-01-02,US,active
3,Customer 3,user3@example.com,58,108.66,2023-01-03,IN,active
4,Customer 4,user4@example.com,abc,158.98,2023-01-04,US,active
5,Customer 5,user5@example.com,44,109.31,2023-01-05,US,active
6,Customer 6,user6@example.com,71,142.13,2023-01-06,IN,active
7,Customer 7,user7@example.com,23,91.99,2023-01-07,US,active
8,Customer 8,user8@example.com,61,113.84,2023-01-08,US,active
9,Customer 9,user9@example.com,30,91.5,2023-01-09,US,active
10,Customer 10,user10@example.com,23,109.83,2023-01-10,US,active
11,Customer 11,user11@example.com,250,145.21,2023-01-11,UK,active
12,Customer 12,user12@example.com,78,68.18,2023-01-12,IN,active
13,Customer 13,user13@example.com,63,133.03,2023-01-13,US,active
14,Customer 14,user14@example.com,65,127.13,2023-01-14,US,active
15,Customer 15,user15@example.com,62,102.18,2023-01-15,IN,active
16,Customer 16,user16@example.com,-5,76.62,2023-01-16,UK,active
17,Customer 17,user17@example.com,49,122.16,2023-01-17,IN,active
18,Customer 18,user18@example.com,25,104.12,2023-01-18,IN,active
19,Customer 19,user19@example.com,70,126.98,2023-01-19,UK,active
20,Customer 20,user20@example.com,45,120.66,2023-01-20,UK,active
21,Customer 21,,49,168.05,2023-01-21,UK,active
22,Customer 22,,40,112.82,2023-01-22,UK,active
23,Customer 23,,29,89.3,2023-01-23,UK,active
24,Customer 24,,75,125.38,2023-01-24,US,active
25,Customer 25,,66,126.6,2023-01-25,UK,active
26,Customer 26,,57,160.78,2023-01-26,IN,active
27,Customer 27,,42,145.05,2023-01-27,US,active
28,Customer 28,,69,130.71,2023-01-28,US,active
29,Customer 29,user29@example.com,51,163.9,2023-01-29,UK,active
30,Customer 30,user30@example.com,45,84.34,2023-01-30,UK,active
31,Customer 31,not-an-email,45,100.81,2023-01-31,US,active
32,Customer 32,user32@example.com,32,92.2,2023-02-01,US,active
33,Customer 33,user33@example.com,23,108.31,2023-02-02,IN,active
34,Customer 34,user34@example.com,52,78.7,2023-02-03,UK,active
35,Customer 35,user35@example.com,73,139.05,2023-02-04,US,active
36,Customer 36,user36@example.com,21,113.33,2023-02-05,US,active
37,Customer 37,user37@example.com,71,75.88,2023-02-06,UK,active
38,Customer 38,user38@example.com,69,89.53,2023-02-07,US,active
39,Customer 39,user39@example.com,35,129.41,2023-02-08,IN,active
40,Customer 40,user40@example.com,57,145.14,2023-02-09,IN,active
41,Customer 41,user41@example.com,28,99999,2023-02-10,IN,active
42,Customer 42,user42@example.com,65,N/A,2023-02-11,UK,active
43,Customer 43,user43@example.com,61,132.43,2023-02-12,IN,active
44,Customer 44,user44@example.com,39,90.31,2023-02-13,IN,active
45,Customer 45,user45@example.com,22,56.04,2023-02-14,US,active
46,Customer 46,user46@example.com,78,128.03,2023-02-15,UK,active
47,Customer 47,user47@example.com,45,95.61,2023-02-16,US,active
48,Customer 48,user48@example.com,73,107.54,2023-02-17,UK,active
49,Customer 49,user49@example.com,60,101.64,2023-02-18,UK,active
50,Customer 50,user50@example.com,66,115.78,2023-02-19,IN,active
51,Customer 51,user51@example.com,65,151.98,2031-05-01,UK,active
52,Customer 52,user52@example.com,30,124.71,not a date,US,active
53,Customer 53,user53@example.com,40,115.24,2023-02-22,US,active
54,Customer 54,user54@example.com,46,88.93,2023-02-23,IN,active
55,Customer 55,user55@example.com,48,69.76,2023-02-24,US,active
56,Customer 56,user56@example.com,20,105.41,2023-02-25,UK,active
57,Customer 57,user57@example.com,51,118.39,2023-02-26,US,active
58,Customer 58,user58@example.com,27,173.04,2023-02-27,IN,active
59,Customer 59,user59@example.com,64,123.91,2023-02-28,US,active
60,Customer 60,user60@example.com,60,149.48,2023-03-01,UK,active
61,  Padded Name ,user61@example.com,75,105.02,2023-03-02,UK,active
62,Customer 62,user62@example.com,64,84.45,2023-03-03,IN,active
63,Customer 63,user63@example.com,40,91.05,2023-03-04,UK,active
64,Customer 64,user64@example.com,77,98.24,2023-03-05,UK,active
65,Customer 65,user65@example.com,43,183.85,2023-03-06,IN,active
66,Customer 66,user66@example.com,38,95.36,2023-03-07,UK,active
67,Customer 67,user67@example.com,74,145.15,2023-03-08,US,active
68,Customer 68,user68@example.com,40,92.91,2023-03-09,US,active
69,Customer 69,user69@example.com,22,147.95,2023-03-10,US,active
70,Customer 70,user70@example.com,47,131.55,2023-03-11,UK,active
71,Customer 71,user71@example.com,67,115.3,2023-03-12,UK,active
72,Customer 72,user72@example.com,29,118.78,2023-03-13,UK,active
73,Customer 73,user73@example.com,46,100.36,2023-03-14,UK,active
74,Customer 74,user74@example.com,26,133.38,2023-03-15,UK,active
75,Customer 75,user75@example.com,60,106.35,2023-03-16,IN,active
76,Customer 76,user76@example.com,47,83.23,2023-03-17,IN,active
77,Customer 77,user77@example.com,38,81.66,2023-03-18,UK,active
78,Customer 78,user78@example.com,32,125.18,2023-03-19,US,active
79,Customer 79,user79@example.com,52,167.37,2023-03-20,IN,active
80,Customer 80,user80@example.com,59,124.8,2023-03-21,IN,active
81,Customer 81,user81@example.com,76,116.44,2023-03-22,US,active
82,Customer 82,user82@example.com,45,128.57,2023-03-23,US,active
83,Customer 83,user83@example.com,27,159.18,2023-03-24,IN,active
84,Customer 84,user84@example.com,69,126.58,2023-03-25,IN,active
85,Customer 85,user85@example.com,57,107.67,2023-03-26,IN,active
86,Customer 86,user86@example.com,61,153.19,2023-03-27,US,active
87,Customer 87,user87@example.com,24,132.86,2023-03-28,IN,active
88,Customer 88,user88@example.com,37,166.07,2023-03-29,US,active
89,Customer 89,user89@example.com,65,125.5,2023-03-30,US,active
90,Customer 90,user90@example.com,69,83.27,2023-03-31,US,active
91,Customer 91,user91@example.com,44,78.96,2023-04-01,UK,active
92,Customer 92,user92@example.com,67,169.53,2023-04-02,US,active
93,Customer 93,user93@example.com,70,171.71,2023-04-03,UK,active
94,Customer 94,user94@example.com,42,114.61,2023-04-04,UK,active
95,Customer 95,user95@example.com,73,108.5,2023-04-05,UK,active
96,Customer 96,user96@example.com,35,163.84,2023-04-06,UK,active
97,Customer 97,user97@example.com,32,86.79,2023-04-07,US,active
98,Customer 98,user98@example.com,60,93.16,2023-04-08,US,active
99,Customer 99,user99@example.com,57,139.3,2023-04-09,IN,active
100,Customer 100,user100@example.com,26,108.16,2023-04-10,US,active
101,Customer 101,user101@example.com,69,119.85,2023-04-11,IN,active
102,Customer 102,user102@example.com,30,115.1,2023-04-12,UK,active
103,Customer 103,user103@example.com,67,130.13,2023-04-13,UK,active
104,Customer 104,user104@example.com,18,162.22,2023-04-14,IN,active
105,Customer 105,user105@example.com,67,122.72,2023-04-15,UK,active
106,Customer 106,user106@example.com,66,139.32,2023-04-16,IN,active
107,Customer 107,user107@example.com,66,58.49,2023-04-17,UK,active
108,Customer 108,user108@example.com,59,118.54,2023-04-18,IN,active
109,Customer 109,user109@example.com,47,94.7,2023-04-19,US,active
110,Customer 110,user110@example.com,61,83.44,2023-04-20,US,active
111,Customer 111,user111@example.com,35,93.66,2023-04-21,UK,active
112,Customer 112,user112@example.com,66,109.98,2023-04-22,US,active
113,Customer 113,user113@example.com,52,147.48,2023-04-23,UK,active
114,Customer 114,user114@example.com,46,80.21,2023-04-24,UK,active
115,Customer 115,user115@example.com,49,120.92,2023-04-25,IN,active
116,Customer 116,user116@example.com,53,105.47,2023-04-26,UK,active
117,Customer 117,user117@example.com,20,110.17,2023-04-27,UK,active
118,Customer 118,user118@example.com,26,150.08,2023-04-28,US,active
119,Customer 119,user119@example.com,33,136.14,2023-04-29,UK,active
120,Customer 120,user120@example.com,25,160.12,2023-04-30,UK,active
121,Customer 121,user121@example.com,45,115.36,2023-05-01,UK,active
122,Customer 122,user122@example.com,59,99.12,2023-05-02,UK,active
123,Customer 123,user123@example.com,58,113.28,2023-05-03,US,active
124,Customer 124,user124@example.com,47,127.27,2023-05-04,IN,active
125,Customer 125,user125@example.com,71,125.3,2023-05-05,UK,active
126,Customer 126,user126@example.com,53,87.47,2023-05-06,US,active
127,Customer 127,user127@example.com,22,122.71,2023-05-07,US,active
128,Customer 128,user128@example.com,65,126.85,2023-05-08,IN,active
129,Customer 129,user129@example.com,53,195.52,2023-05-09,IN,active
130,Customer 130,user130@example.com,57,176.31,2023-05-10,IN,active
131,Customer 131,user131@example.com,53,94.4,2023-05-11,UK,active
132,Customer 132,user132@example.com,52,111.38,2023-05-12,IN,active
133,Customer 133,user133@example.com,23,76.1,2023-05-13,IN,active
134,Customer 134,user134@example.com,52,102.28,2023-05-14,UK,active
135,Customer 135,user135@example.com,67,129.47,2023-05-15,US,active
136,Customer 136,user136@example.com,36,156.18,2023-05-16,US,active
137,Customer 137,user137@example.com,55,98.13,2023-05-17,UK,active
138,Customer 138,user138@example.com,19,100.38,2023-05-18,US,active
139,Customer 139,user139@example.com,39,55.58,2023-05-19,IN,active
140,Customer 140,user140@example.com,45,115.12,2023-05-20,UK,active
141,Customer 141,user141@example.com,78,88.13,2023-05-21,IN,active
142,Customer 142,user142@example.com,31,104.12,2023-05-22,US,active
143,Customer 143,user143@example.com,35,93.69,2023-05-23,UK,active
144,Customer 144,user144@example.com,43,117.17,2023-05-24,UK,active
145,Customer 145,user145@example.com,79,67.27,2023-05-25,US,active
146,Customer 146,user146@example.com,70,75.99,2023-05-26,UK,active
147,Customer 147,user147@example.com,20,183.88,2023-05-27,US,active
148,Customer 148,user148@example.com,32,81.38,2023-05-28,US,active
149,Customer 149,user149@example.com,68,87.1,2023-05-29,IN,active
150,Customer 150,user150@example.com,21,175.11,2023-05-30,US,active
151,Customer 151,user151@example.com,71,207.15,2023-05-31,US,active
152,Customer 152,user152@example.com,35,84.85,2023-06-01,UK,active
153,Customer 153,user153@example.com,74,108.95,2023-06-02,IN,active
154,Customer 154,user154@example.com,36,130.25,2023-06-03,UK,active
155,Customer 155,user155@example.com,44,171.86,2023-06-04,UK,active
156,Customer 156,user156@example.com,59,90.39,2023-06-05,UK,active
157,Customer 157,user157@example.com,25,112.64,2023-06-06,US,active
158,Customer 158,user158@example.com,52,143.32,2023-06-07,IN,active
159,Customer 159,user159@example.com,49,133.04,2023-06-08,IN,active
160,Customer 160,user160@example.com,66,108.72,2023-06-09,UK,active
161,Customer 161,user161@example.com,79,115.99,2023-06-10,UK,active
162,Customer 162,user162@example.com,59,78.75,2023-06-11,US,active
163,Customer 163,user163@example.com,43,112.85,2023-06-12,IN,active
164,Customer 164,user164@example.com,43,112.01,2023-06-13,IN,active
165,Customer 165,user165@example.com,43,126.97,2023-06-14,US,active
166,Customer 166,user166@example.com,68,103.34,2023-06-15,US,active
167,Customer 167,user167@example.com,37,134.15,2023-06-16,IN,active
168,Customer 168,user168@example.com,28,150.38,2023-06-17,UK,active
169,Customer 169,user169@example.com,38,124.66,2023-06-18,US,active
170,Customer 170,user170@example.com,19,130.55,2023-06-19,IN,active
171,Customer 171,user171@example.com,24,121.59,2023-06-20,IN,active
172,Customer 172,user172@example.com,23,120.0,2023-06-21,US,active
173,Customer 173,user173@example.com,65,98.35,2023-06-22,UK,active
174,Customer 174,user174@example.com,62,129.49,2023-06-23,UK,active
175,Customer 175,user175@example.com,61,117.08,2023-06-24,US,active
176,Customer 176,user176@example.com,46,182.8,2023-06-25,IN,active
177,Customer 177,user177@example.com,62,167.2,2023-06-26,UK,active
178,Customer 178,user178@example.com,27,131.58,2023-06-27,US,active
179,Customer 179,user179@example.com,73,97.11,2023-06-28,IN,active
180,Customer 180,user180@example.com,49,86.63,2023-06-29,US,active
181,Customer 181,user181@example.com,76,155.73,2023-06-30,IN,active
182,Customer 182,user182@example.com,27,127.88,2023-07-01,IN,active
183,Customer 183,user183@example.com,48,134.4,2023-07-02,US,active
184,Customer 184,user184@example.com,61,67.66,2023-07-03,UK,active
185,Customer 185,user185@example.com,48,147.82,2023-07-04,UK,active
186,Customer 186,user186@example.com,45,133.63,2023-07-05,UK,active
187,Customer 187,user187@example.com,28,86.69,2023-07-06,US,active
188,Customer 188,user188@example.com,41,105.85,2023-07-07,IN,active
189,Customer 189,user189@example.com,32,127.91,2023-07-08,US,active
190,Customer 190,user190@example.com,36,121.57,2023-07-09,UK,active
191,Customer 191,user191@example.com,60,111.23,2023-07-10,IN,active
192,Customer 192,user192@example.com,57,116.9,2023-07-11,UK,active
193,Customer 193,user193@example.com,55,112.44,2023-07-12,UK,active
194,Customer 194,user194@example.com,40,124.58,2023-07-13,IN,active
195,Customer 195,user195@example.com,77,164.14,2023-07-14,UK,active
196,Customer 196,user196@example.com,23,43.0,2023-07-15,UK,active
197,Customer 197,user197@example.com,39,112.89,2023-07-16,IN,active
198,Customer 198,user198@example.com,25,125.3,2023-07-17,IN,active
199,Customer 199,user199@example.com,39,128.88,2023-07-18,US,active
200,Customer 200,user200@example.com,77,108.84,2023-07-19,UK,active
6,Customer 6,user6@example.com,71,142.13,2023-01-06,IN,active
7,Customer 7,user7@example.com,23,91.99,2023-01-07,US,active
